userId,movieId,rating,timestamp
1,10,5.0,1001
1,11,4.0,1002
1,12,3.5,1003
2,10,4.5,1004
2,12,5.0,1005
2,13,4.0,1006
3,11,5.0,1007
3,13,3.0,1008
3,14,4.0,1009
4,10,5.0,1010
4,14,5.0,1011
4,15,4.0,1012
5,12,4.0,1013
5,15,4.0,1014
5,16,2.0,1015
1,10,4.5,1016
2,10,4.5,1017
3,10,4.5,1018
4,10,4.5,1019
5,10,4.5,1020
1,14,5.0,1021
2,15,5.0,1022
3,16,5.0,1023
4,12,5.0,1024
5,17,4.0,1025
1,18,3.0,1026
2,17,4.0,1027
3,18,4.0,1028
4,17,3.0,1029
5,18,4.0,1030
1,19,4.0,1031
2,19,3.0,1032
3,20,4.0,1033
4,19,4.0,1034
5,20,3.0,1035
1,21,4.0,1036
2,21,4.0,1037
3,22,3.0,1038
4,21,4.0,1039
5,22,4.0,1040
